store_key,store_id_canon,store_name,country,region,partner,default_channel
1,DE-0001,SPORT2000 Hanau,DE,DE-Mitte,PartnerA,store
2,DE-0002,SPORT2000 Berlin,DE,DE-Mitte,PartnerA,store
3,DE-0003,SPORT2000 Frankfurt,DE,DE-Mitte,PartnerA,store
4,DE-0004,SPORT2000 Leipzig,DE,DE-Mitte,PartnerA,store
5,DE-0005,SPORT2000 Stuttgart,DE,DE-Mitte,PartnerA,store
6,DE-0006,SPORT2000 Hanau,DE,DE-Mitte,PartnerA,store
7,DE-0007,SPORT2000 Leipzig,DE,DE-Mitte,PartnerA,store
8,DE-0008,SPORT2000 Leipzig,DE,DE-Mitte,PartnerA,store
9,DE-0009,SPORT2000 Leipzig,DE,DE-Mitte,PartnerA,store
10,DE-0010,SPORT2000 Cologne,DE,DE-Mitte,PartnerA,store
11,DE-0011,SPORT2000 Aschaffenburg,DE,DE-Mitte,PartnerA,store
12,DE-0012,SPORT2000 Frankfurt,DE,DE-Mitte,PartnerA,store
13,DE-0013,SPORT2000 Hamburg,DE,DE-Mitte,PartnerA,store
14,DE-0014,SPORT2000 Munich,DE,DE-Mitte,PartnerA,online
15,DE-0015,SPORT2000 Hamburg,DE,DE-Mitte,PartnerA,store
16,DE-0016,SPORT2000 Stuttgart,DE,DE-Mitte,PartnerA,store
17,DE-0017,SPORT2000 Hamburg,DE,DE-Mitte,PartnerA,store
18,DE-0018,SPORT2000 Aschaffenburg,DE,DE-Mitte,PartnerA,store
19,DE-0019,SPORT2000 Leipzig,DE,DE-Mitte,PartnerA,store
20,DE-0020,SPORT2000 Stuttgart,DE,DE-Mitte,PartnerA,store
21,DE-0021,SPORT2000 Berlin,DE,DE-Mitte,PartnerA,outlet
22,DE-0022,SPORT2000 Dresden,DE,DE-Mitte,PartnerA,outlet
23,DE-0023,SPORT2000 Hamburg,DE,DE-Mitte,PartnerA,store
24,DE-0024,SPORT2000 Hanau,DE,DE-Mitte,PartnerA,store
25,DE-0025,SPORT2000 Munich,DE,DE-Mitte,PartnerA,store
26,FR_026,SPORT2000 Lyon,FR,FR-Nord,PartnerB,outlet
27,FR_027,SPORT2000 Lyon,FR,FR-Nord,PartnerB,store
28,FR_028,SPORT2000 Strasbourg,FR,FR-Nord,PartnerB,store
29,FR_029,SPORT2000 Nantes,FR,FR-Nord,PartnerB,store
30,FR_030,SPORT2000 Nantes,FR,FR-Nord,PartnerB,store
31,FR_031,SPORT2000 Lille,FR,FR-Nord,PartnerB,store
32,FR_032,SPORT2000 Lyon,FR,FR-Nord,PartnerB,store
33,FR_033,SPORT2000 Marseille,FR,FR-Nord,PartnerB,store
34,FR_034,SPORT2000 Toulouse,FR,FR-Nord,PartnerB,store
35,FR_035,SPORT2000 Bordeaux,FR,FR-Nord,PartnerB,store
36,FR_036,SPORT2000 Nice,FR,FR-Nord,PartnerB,store
37,FR_037,SPORT2000 Nantes,FR,FR-Nord,PartnerB,outlet
38,FR_038,SPORT2000 Paris,FR,FR-Nord,PartnerB,store
39,FR_039,SPORT2000 Paris,FR,FR-Nord,PartnerB,outlet
40,FR_040,SPORT2000 Bordeaux,FR,FR-Nord,PartnerB,store
41,FR_041,SPORT2000 Toulouse,FR,FR-Nord,PartnerB,online
42,FR_042,SPORT2000 Rennes,FR,FR-Nord,PartnerB,outlet
43,FR_043,SPORT2000 Nantes,FR,FR-Nord,PartnerB,store
44,FR_044,SPORT2000 Strasbourg,FR,FR-Nord,PartnerB,store
45,FR_045,SPORT2000 Strasbourg,FR,FR-Nord,PartnerB,store
46,FR_046,SPORT2000 Marseille,FR,FR-Nord,PartnerB,store
47,FR_047,SPORT2000 Nice,FR,FR-Nord,PartnerB,store
48,FR_048,SPORT2000 Rennes,FR,FR-Nord,PartnerB,store
49,FR_049,SPORT2000 Rennes,FR,FR-Nord,PartnerB,store
50,FR_050,SPORT2000 Toulouse,FR,FR-Nord,PartnerB,online
51,IT/051,SPORT2000 Napoli,IT,IT-Nord,PartnerC,store
52,IT/052,SPORT2000 Roma,IT,IT-Nord,PartnerC,store
53,IT/053,SPORT2000 Roma,IT,IT-Nord,PartnerC,store
54,IT/054,SPORT2000 Napoli,IT,IT-Nord,PartnerC,outlet
55,IT/055,SPORT2000 Palermo,IT,IT-Nord,PartnerC,store
56,IT/056,SPORT2000 Palermo,IT,IT-Nord,PartnerC,store
57,IT/057,SPORT2000 Genova,IT,IT-Nord,PartnerC,store
58,IT/058,SPORT2000 Verona,IT,IT-Nord,PartnerC,outlet
59,IT/059,SPORT2000 Milano,IT,IT-Nord,PartnerC,store
60,IT/060,SPORT2000 Roma,IT,IT-Nord,PartnerC,store
61,IT/061,SPORT2000 Verona,IT,IT-Nord,PartnerC,store
62,IT/062,SPORT2000 Firenze,IT,IT-Nord,PartnerC,store
63,IT/063,SPORT2000 Palermo,IT,IT-Nord,PartnerC,store
64,IT/064,SPORT2000 Milano,IT,IT-Nord,PartnerC,online
65,IT/065,SPORT2000 Bologna,IT,IT-Nord,PartnerC,online
66,IT/066,SPORT2000 Napoli,IT,IT-Nord,PartnerC,store
67,IT/067,SPORT2000 Roma,IT,IT-Nord,PartnerC,outlet
68,IT/068,SPORT2000 Bologna,IT,IT-Nord,PartnerC,outlet
69,IT/069,SPORT2000 Verona,IT,IT-Nord,PartnerC,store
70,IT/070,SPORT2000 Napoli,IT,IT-Nord,PartnerC,store
71,IT/071,SPORT2000 Napoli,IT,IT-Nord,PartnerC,store
72,IT/072,SPORT2000 Verona,IT,IT-Nord,PartnerC,online
73,IT/073,SPORT2000 Bari,IT,IT-Nord,PartnerC,store
74,IT/074,SPORT2000 Milano,IT,IT-Nord,PartnerC,store
75,IT/075,SPORT2000 Firenze,IT,IT-Nord,PartnerC,outlet
76,ES-0076,SPORT2000 Bilbao,ES,ES-Centro,PartnerD,store
77,ES-0077,SPORT2000 Sevilla,ES,ES-Centro,PartnerD,outlet
78,ES-0078,SPORT2000 Barcelona,ES,ES-Centro,PartnerD,store
79,ES-0079,SPORT2000 Murcia,ES,ES-Centro,PartnerD,outlet
80,ES-0080,SPORT2000 Valencia,ES,ES-Centro,PartnerD,store
81,ES-0081,SPORT2000 Murcia,ES,ES-Centro,PartnerD,online
82,ES-0082,SPORT2000 Valencia,ES,ES-Centro,PartnerD,store
83,ES-0083,SPORT2000 Zaragoza,ES,ES-Centro,PartnerD,online
84,ES-0084,SPORT2000 Sevilla,ES,ES-Centro,PartnerD,store
85,ES-0085,SPORT2000 Zaragoza,ES,ES-Centro,PartnerD,online
86,ES-0086,SPORT2000 Malaga,ES,ES-Centro,PartnerD,store
87,ES-0087,SPORT2000 Murcia,ES,ES-Centro,PartnerD,store
88,ES-0088,SPORT2000 Sevilla,ES,ES-Centro,PartnerD,store
89,ES-0089,SPORT2000 Madrid,ES,ES-Centro,PartnerD,store
90,ES-0090,SPORT2000 Sevilla,ES,ES-Centro,PartnerD,store
91,ES-0091,SPORT2000 Madrid,ES,ES-Centro,PartnerD,store
92,ES-0092,SPORT2000 Madrid,ES,ES-Centro,PartnerD,store
93,ES-0093,SPORT2000 Madrid,ES,ES-Centro,PartnerD,outlet
94,ES-0094,SPORT2000 Barcelona,ES,ES-Centro,PartnerD,store
95,ES-0095,SPORT2000 Bilbao,ES,ES-Centro,PartnerD,store
96,ES-0096,SPORT2000 Sevilla,ES,ES-Centro,PartnerD,store
97,ES-0097,SPORT2000 Murcia,ES,ES-Centro,PartnerD,store
98,ES-0098,SPORT2000 Murcia,ES,ES-Centro,PartnerD,outlet
99,ES-0099,SPORT2000 Sevilla,ES,ES-Centro,PartnerD,store
100,ES-0100,SPORT2000 Zaragoza,ES,ES-Centro,PartnerD,store
101,NL-0101,SPORT2000 Utrecht,NL,NL-West,PartnerB,store
102,NL-0102,SPORT2000 Amsterdam,NL,NL-West,PartnerB,store
103,NL-0103,SPORT2000 Amsterdam,NL,NL-West,PartnerB,store
104,NL-0104,SPORT2000 Den Haag,NL,NL-West,PartnerB,outlet
105,NL-0105,SPORT2000 Amsterdam,NL,NL-West,PartnerB,store
106,NL-0106,SPORT2000 Rotterdam,NL,NL-West,PartnerB,store
107,NL-0107,SPORT2000 Rotterdam,NL,NL-West,PartnerB,store
108,NL-0108,SPORT2000 Den Haag,NL,NL-West,PartnerB,store
109,NL-0109,SPORT2000 Amsterdam,NL,NL-West,PartnerB,store
110,NL-0110,SPORT2000 Eindhoven,NL,NL-West,PartnerB,store
111,NL-0111,SPORT2000 Eindhoven,NL,NL-West,PartnerB,outlet
112,NL-0112,SPORT2000 Amsterdam,NL,NL-West,PartnerB,online
113,NL-0113,SPORT2000 Rotterdam,NL,NL-West,PartnerB,store
114,NL-0114,SPORT2000 Utrecht,NL,NL-West,PartnerB,store
115,NL-0115,SPORT2000 Utrecht,NL,NL-West,PartnerB,online
116,NL-0116,SPORT2000 Rotterdam,NL,NL-West,PartnerB,store
117,NL-0117,SPORT2000 Utrecht,NL,NL-West,PartnerB,store
118,NL-0118,SPORT2000 Utrecht,NL,NL-West,PartnerB,store
119,NL-0119,SPORT2000 Eindhoven,NL,NL-West,PartnerB,store
120,NL-0120,SPORT2000 Utrecht,NL,NL-West,PartnerB,store
121,NL-0121,SPORT2000 Den Haag,NL,NL-West,PartnerB,store
122,NL-0122,SPORT2000 Amsterdam,NL,NL-West,PartnerB,store
123,NL-0123,SPORT2000 Eindhoven,NL,NL-West,PartnerB,store
124,NL-0124,SPORT2000 Den Haag,NL,NL-West,PartnerB,store
125,NL-0125,SPORT2000 Eindhoven,NL,NL-West,PartnerB,store
126,BE-0126,SPORT2000 Antwerp,BE,BE-Vlaams,PartnerB,store
127,BE-0127,SPORT2000 Brussels,BE,BE-Vlaams,PartnerB,outlet
128,BE-0128,SPORT2000 Brussels,BE,BE-Vlaams,PartnerB,store
129,BE-0129,SPORT2000 Antwerp,BE,BE-Vlaams,PartnerB,store
130,BE-0130,SPORT2000 Antwerp,BE,BE-Vlaams,PartnerB,store
131,BE-0131,SPORT2000 Brussels,BE,BE-Vlaams,PartnerB,store
132,BE-0132,SPORT2000 Liege,BE,BE-Vlaams,PartnerB,store
133,BE-0133,SPORT2000 Ghent,BE,BE-Vlaams,PartnerB,online
134,BE-0134,SPORT2000 Antwerp,BE,BE-Vlaams,PartnerB,store
135,BE-0135,SPORT2000 Ghent,BE,BE-Vlaams,PartnerB,store
136,BE-0136,SPORT2000 Liege,BE,BE-Vlaams,PartnerB,store
137,BE-0137,SPORT2000 Ghent,BE,BE-Vlaams,PartnerB,store
138,BE-0138,SPORT2000 Brussels,BE,BE-Vlaams,PartnerB,store
139,BE-0139,SPORT2000 Brussels,BE,BE-Vlaams,PartnerB,store
140,BE-0140,SPORT2000 Antwerp,BE,BE-Vlaams,PartnerB,store
141,BE-0141,SPORT2000 Antwerp,BE,BE-Vlaams,PartnerB,online
142,BE-0142,SPORT2000 Brussels,BE,BE-Vlaams,PartnerB,outlet
143,BE-0143,SPORT2000 Ghent,BE,BE-Vlaams,PartnerB,store
144,BE-0144,SPORT2000 Liege,BE,BE-Vlaams,PartnerB,outlet
145,BE-0145,SPORT2000 Ghent,BE,BE-Vlaams,PartnerB,store
146,BE-0146,SPORT2000 Brussels,BE,BE-Vlaams,PartnerB,store
147,BE-0147,SPORT2000 Ghent,BE,BE-Vlaams,PartnerB,online
148,BE-0148,SPORT2000 Brussels,BE,BE-Vlaams,PartnerB,online
149,BE-0149,SPORT2000 Antwerp,BE,BE-Vlaams,PartnerB,store
150,BE-0150,SPORT2000 Brussels,BE,BE-Vlaams,PartnerB,store
151,AT-0151,SPORT2000 Graz,AT,AT-Ost,PartnerA,store
152,AT-0152,SPORT2000 Graz,AT,AT-Ost,PartnerA,store
153,AT-0153,SPORT2000 Graz,AT,AT-Ost,PartnerA,store
154,AT-0154,SPORT2000 Linz,AT,AT-Ost,PartnerA,store
155,AT-0155,SPORT2000 Linz,AT,AT-Ost,PartnerA,online
156,AT-0156,SPORT2000 Vienna,AT,AT-Ost,PartnerA,store
157,AT-0157,SPORT2000 Salzburg,AT,AT-Ost,PartnerA,outlet
158,AT-0158,SPORT2000 Vienna,AT,AT-Ost,PartnerA,store
159,AT-0159,SPORT2000 Graz,AT,AT-Ost,PartnerA,store
160,AT-0160,SPORT2000 Linz,AT,AT-Ost,PartnerA,store
161,AT-0161,SPORT2000 Salzburg,AT,AT-Ost,PartnerA,store
162,AT-0162,SPORT2000 Salzburg,AT,AT-Ost,PartnerA,store
163,AT-0163,SPORT2000 Vienna,AT,AT-Ost,PartnerA,store
164,AT-0164,SPORT2000 Graz,AT,AT-Ost,PartnerA,store
165,AT-0165,SPORT2000 Linz,AT,AT-Ost,PartnerA,store
166,AT-0166,SPORT2000 Graz,AT,AT-Ost,PartnerA,store
167,AT-0167,SPORT2000 Vienna,AT,AT-Ost,PartnerA,store
168,AT-0168,SPORT2000 Vienna,AT,AT-Ost,PartnerA,outlet
169,AT-0169,SPORT2000 Graz,AT,AT-Ost,PartnerA,store
170,AT-0170,SPORT2000 Vienna,AT,AT-Ost,PartnerA,store
171,AT-0171,SPORT2000 Salzburg,AT,AT-Ost,PartnerA,online
172,AT-0172,SPORT2000 Graz,AT,AT-Ost,PartnerA,online
173,AT-0173,SPORT2000 Graz,AT,AT-Ost,PartnerA,outlet
174,AT-0174,SPORT2000 Graz,AT,AT-Ost,PartnerA,outlet
175,AT-0175,SPORT2000 Vienna,AT,AT-Ost,PartnerA,store
176,CH-0176,SPORT2000 Bern,CH,CH-Zentral,PartnerA,outlet
177,CH-0177,SPORT2000 Basel,CH,CH-Zentral,PartnerA,outlet
178,CH-0178,SPORT2000 Geneva,CH,CH-Zentral,PartnerA,store
179,CH-0179,SPORT2000 Zurich,CH,CH-Zentral,PartnerA,store
180,CH-0180,SPORT2000 Zurich,CH,CH-Zentral,PartnerA,outlet
181,CH-0181,SPORT2000 Geneva,CH,CH-Zentral,PartnerA,store
182,CH-0182,SPORT2000 Basel,CH,CH-Zentral,PartnerA,store
183,CH-0183,SPORT2000 Geneva,CH,CH-Zentral,PartnerA,store
184,CH-0184,SPORT2000 Geneva,CH,CH-Zentral,PartnerA,store
185,CH-0185,SPORT2000 Bern,CH,CH-Zentral,PartnerA,outlet
186,CH-0186,SPORT2000 Bern,CH,CH-Zentral,PartnerA,store
187,CH-0187,SPORT2000 Basel,CH,CH-Zentral,PartnerA,store
188,CH-0188,SPORT2000 Bern,CH,CH-Zentral,PartnerA,online
189,CH-0189,SPORT2000 Zurich,CH,CH-Zentral,PartnerA,outlet
190,CH-0190,SPORT2000 Bern,CH,CH-Zentral,PartnerA,store
191,CH-0191,SPORT2000 Bern,CH,CH-Zentral,PartnerA,store
192,CH-0192,SPORT2000 Basel,CH,CH-Zentral,PartnerA,store
193,CH-0193,SPORT2000 Bern,CH,CH-Zentral,PartnerA,store
194,CH-0194,SPORT2000 Zurich,CH,CH-Zentral,PartnerA,store
195,CH-0195,SPORT2000 Geneva,CH,CH-Zentral,PartnerA,store
196,CH-0196,SPORT2000 Basel,CH,CH-Zentral,PartnerA,store
197,CH-0197,SPORT2000 Geneva,CH,CH-Zentral,PartnerA,store
198,CH-0198,SPORT2000 Zurich,CH,CH-Zentral,PartnerA,online
199,CH-0199,SPORT2000 Bern,CH,CH-Zentral,PartnerA,store
200,CH-0200,SPORT2000 Zurich,CH,CH-Zentral,PartnerA,store
201,PL-0201,SPORT2000 Wroclaw,PL,PL-Center,PartnerE,store
202,PL-0202,SPORT2000 Poznan,PL,PL-Center,PartnerE,store
203,PL-0203,SPORT2000 Wroclaw,PL,PL-Center,PartnerE,store
204,PL-0204,SPORT2000 Krakow,PL,PL-Center,PartnerE,store
205,PL-0205,SPORT2000 Poznan,PL,PL-Center,PartnerE,store
206,PL-0206,SPORT2000 Krakow,PL,PL-Center,PartnerE,store
207,PL-0207,SPORT2000 Wroclaw,PL,PL-Center,PartnerE,store
208,PL-0208,SPORT2000 Warsaw,PL,PL-Center,PartnerE,store
209,PL-0209,SPORT2000 Krakow,PL,PL-Center,PartnerE,store
210,PL-0210,SPORT2000 Gdansk,PL,PL-Center,PartnerE,store
211,PL-0211,SPORT2000 Wroclaw,PL,PL-Center,PartnerE,store
212,PL-0212,SPORT2000 Poznan,PL,PL-Center,PartnerE,store
213,PL-0213,SPORT2000 Gdansk,PL,PL-Center,PartnerE,store
214,PL-0214,SPORT2000 Krakow,PL,PL-Center,PartnerE,store
215,PL-0215,SPORT2000 Wroclaw,PL,PL-Center,PartnerE,store
216,PL-0216,SPORT2000 Gdansk,PL,PL-Center,PartnerE,store
217,PL-0217,SPORT2000 Krakow,PL,PL-Center,PartnerE,store
218,PL-0218,SPORT2000 Krakow,PL,PL-Center,PartnerE,outlet
219,PL-0219,SPORT2000 Krakow,PL,PL-Center,PartnerE,store
220,PL-0220,SPORT2000 Krakow,PL,PL-Center,PartnerE,online
221,PL-0221,SPORT2000 Gdansk,PL,PL-Center,PartnerE,outlet
222,PL-0222,SPORT2000 Warsaw,PL,PL-Center,PartnerE,store
223,PL-0223,SPORT2000 Gdansk,PL,PL-Center,PartnerE,store
224,PL-0224,SPORT2000 Poznan,PL,PL-Center,PartnerE,store
225,PL-0225,SPORT2000 Krakow,PL,PL-Center,PartnerE,store
226,CZ-0226,SPORT2000 Ostrava,CZ,CZ-Praha,PartnerE,store
227,CZ-0227,SPORT2000 Prague,CZ,CZ-Praha,PartnerE,store
228,CZ-0228,SPORT2000 Prague,CZ,CZ-Praha,PartnerE,store
229,CZ-0229,SPORT2000 Ostrava,CZ,CZ-Praha,PartnerE,store
230,CZ-0230,SPORT2000 Prague,CZ,CZ-Praha,PartnerE,store
231,CZ-0231,SPORT2000 Prague,CZ,CZ-Praha,PartnerE,store
232,CZ-0232,SPORT2000 Brno,CZ,CZ-Praha,PartnerE,store
233,CZ-0233,SPORT2000 Ostrava,CZ,CZ-Praha,PartnerE,store
234,CZ-0234,SPORT2000 Brno,CZ,CZ-Praha,PartnerE,store
235,CZ-0235,SPORT2000 Ostrava,CZ,CZ-Praha,PartnerE,outlet
236,CZ-0236,SPORT2000 Brno,CZ,CZ-Praha,PartnerE,outlet
237,CZ-0237,SPORT2000 Ostrava,CZ,CZ-Praha,PartnerE,store
238,CZ-0238,SPORT2000 Prague,CZ,CZ-Praha,PartnerE,store
239,CZ-0239,SPORT2000 Brno,CZ,CZ-Praha,PartnerE,store
240,CZ-0240,SPORT2000 Prague,CZ,CZ-Praha,PartnerE,outlet
241,CZ-0241,SPORT2000 Brno,CZ,CZ-Praha,PartnerE,store
242,CZ-0242,SPORT2000 Ostrava,CZ,CZ-Praha,PartnerE,store
243,CZ-0243,SPORT2000 Prague,CZ,CZ-Praha,PartnerE,store
244,CZ-0244,SPORT2000 Prague,CZ,CZ-Praha,PartnerE,store
245,CZ-0245,SPORT2000 Prague,CZ,CZ-Praha,PartnerE,store
246,CZ-0246,SPORT2000 Brno,CZ,CZ-Praha,PartnerE,outlet
247,CZ-0247,SPORT2000 Prague,CZ,CZ-Praha,PartnerE,store
248,CZ-0248,SPORT2000 Prague,CZ,CZ-Praha,PartnerE,store
249,CZ-0249,SPORT2000 Prague,CZ,CZ-Praha,PartnerE,store
250,CZ-0250,SPORT2000 Prague,CZ,CZ-Praha,PartnerE,store
251,SK-0251,SPORT2000 Kosice,SK,SK-West,PartnerE,store
252,SK-0252,SPORT2000 Kosice,SK,SK-West,PartnerE,store
253,SK-0253,SPORT2000 Kosice,SK,SK-West,PartnerE,store
254,SK-0254,SPORT2000 Bratislava,SK,SK-West,PartnerE,outlet
255,SK-0255,SPORT2000 Kosice,SK,SK-West,PartnerE,store
256,SK-0256,SPORT2000 Kosice,SK,SK-West,PartnerE,store
257,SK-0257,SPORT2000 Kosice,SK,SK-West,PartnerE,outlet
258,SK-0258,SPORT2000 Kosice,SK,SK-West,PartnerE,store
259,SK-0259,SPORT2000 Bratislava,SK,SK-West,PartnerE,store
260,SK-0260,SPORT2000 Kosice,SK,SK-West,PartnerE,store
261,SK-0261,SPORT2000 Bratislava,SK,SK-West,PartnerE,store
262,SK-0262,SPORT2000 Kosice,SK,SK-West,PartnerE,store
263,SK-0263,SPORT2000 Kosice,SK,SK-West,PartnerE,online
264,SK-0264,SPORT2000 Bratislava,SK,SK-West,PartnerE,online
265,SK-0265,SPORT2000 Bratislava,SK,SK-West,PartnerE,store
266,SK-0266,SPORT2000 Kosice,SK,SK-West,PartnerE,store
267,SK-0267,SPORT2000 Kosice,SK,SK-West,PartnerE,store
268,SK-0268,SPORT2000 Kosice,SK,SK-West,PartnerE,store
269,SK-0269,SPORT2000 Bratislava,SK,SK-West,PartnerE,store
270,SK-0270,SPORT2000 Kosice,SK,SK-West,PartnerE,store
271,SK-0271,SPORT2000 Kosice,SK,SK-West,PartnerE,store
272,SK-0272,SPORT2000 Kosice,SK,SK-West,PartnerE,store
273,SK-0273,SPORT2000 Bratislava,SK,SK-West,PartnerE,store
274,SK-0274,SPORT2000 Bratislava,SK,SK-West,PartnerE,online
275,SK-0275,SPORT2000 Kosice,SK,SK-West,PartnerE,store
276,HU-0276,SPORT2000 Budapest,HU,HU-Central,PartnerE,outlet
277,HU-0277,SPORT2000 Szeged,HU,HU-Central,PartnerE,store
278,HU-0278,SPORT2000 Budapest,HU,HU-Central,PartnerE,online
279,HU-0279,SPORT2000 Budapest,HU,HU-Central,PartnerE,outlet
280,HU-0280,SPORT2000 Szeged,HU,HU-Central,PartnerE,store
281,HU-0281,SPORT2000 Budapest,HU,HU-Central,PartnerE,store
282,HU-0282,SPORT2000 Budapest,HU,HU-Central,PartnerE,store
283,HU-0283,SPORT2000 Budapest,HU,HU-Central,PartnerE,store
284,HU-0284,SPORT2000 Debrecen,HU,HU-Central,PartnerE,store
285,HU-0285,SPORT2000 Budapest,HU,HU-Central,PartnerE,store
286,HU-0286,SPORT2000 Szeged,HU,HU-Central,PartnerE,store
287,HU-0287,SPORT2000 Budapest,HU,HU-Central,PartnerE,online
288,HU-0288,SPORT2000 Budapest,HU,HU-Central,PartnerE,store
289,HU-0289,SPORT2000 Debrecen,HU,HU-Central,PartnerE,store
290,HU-0290,SPORT2000 Debrecen,HU,HU-Central,PartnerE,store
291,HU-0291,SPORT2000 Szeged,HU,HU-Central,PartnerE,store
292,HU-0292,SPORT2000 Szeged,HU,HU-Central,PartnerE,store
293,HU-0293,SPORT2000 Szeged,HU,HU-Central,PartnerE,store
294,HU-0294,SPORT2000 Szeged,HU,HU-Central,PartnerE,store
295,HU-0295,SPORT2000 Szeged,HU,HU-Central,PartnerE,store
296,HU-0296,SPORT2000 Budapest,HU,HU-Central,PartnerE,outlet
297,HU-0297,SPORT2000 Szeged,HU,HU-Central,PartnerE,outlet
298,HU-0298,SPORT2000 Debrecen,HU,HU-Central,PartnerE,store
299,HU-0299,SPORT2000 Szeged,HU,HU-Central,PartnerE,store
300,HU-0300,SPORT2000 Szeged,HU,HU-Central,PartnerE,store
301,SE-0301,SPORT2000 Stockholm,SE,SE-South,PartnerF,outlet
302,SE-0302,SPORT2000 Gothenburg,SE,SE-South,PartnerF,store
303,SE-0303,SPORT2000 Gothenburg,SE,SE-South,PartnerF,store
304,SE-0304,SPORT2000 Gothenburg,SE,SE-South,PartnerF,store
305,SE-0305,SPORT2000 Gothenburg,SE,SE-South,PartnerF,store
306,SE-0306,SPORT2000 Malmo,SE,SE-South,PartnerF,online
307,SE-0307,SPORT2000 Gothenburg,SE,SE-South,PartnerF,store
308,SE-0308,SPORT2000 Malmo,SE,SE-South,PartnerF,store
309,SE-0309,SPORT2000 Gothenburg,SE,SE-South,PartnerF,store
310,SE-0310,SPORT2000 Malmo,SE,SE-South,PartnerF,store
311,SE-0311,SPORT2000 Gothenburg,SE,SE-South,PartnerF,outlet
312,SE-0312,SPORT2000 Stockholm,SE,SE-South,PartnerF,store
313,SE-0313,SPORT2000 Gothenburg,SE,SE-South,PartnerF,store
314,SE-0314,SPORT2000 Gothenburg,SE,SE-South,PartnerF,store
315,SE-0315,SPORT2000 Malmo,SE,SE-South,PartnerF,store
316,SE-0316,SPORT2000 Stockholm,SE,SE-South,PartnerF,store
317,SE-0317,SPORT2000 Gothenburg,SE,SE-South,PartnerF,store
318,SE-0318,SPORT2000 Stockholm,SE,SE-South,PartnerF,store
319,SE-0319,SPORT2000 Gothenburg,SE,SE-South,PartnerF,store
320,SE-0320,SPORT2000 Malmo,SE,SE-South,PartnerF,store
321,SE-0321,SPORT2000 Gothenburg,SE,SE-South,PartnerF,store
322,SE-0322,SPORT2000 Malmo,SE,SE-South,PartnerF,online
323,SE-0323,SPORT2000 Stockholm,SE,SE-South,PartnerF,store
324,SE-0324,SPORT2000 Gothenburg,SE,SE-South,PartnerF,store
325,SE-0325,SPORT2000 Stockholm,SE,SE-South,PartnerF,store
326,DK-0326,SPORT2000 Odense,DK,DK-Hov,PartnerF,store
327,DK-0327,SPORT2000 Aarhus,DK,DK-Hov,PartnerF,outlet
328,DK-0328,SPORT2000 Copenhagen,DK,DK-Hov,PartnerF,store
329,DK-0329,SPORT2000 Aarhus,DK,DK-Hov,PartnerF,store
330,DK-0330,SPORT2000 Aarhus,DK,DK-Hov,PartnerF,store
331,DK-0331,SPORT2000 Aarhus,DK,DK-Hov,PartnerF,store
332,DK-0332,SPORT2000 Odense,DK,DK-Hov,PartnerF,store
333,DK-0333,SPORT2000 Odense,DK,DK-Hov,PartnerF,store
334,DK-0334,SPORT2000 Aarhus,DK,DK-Hov,PartnerF,store
335,DK-0335,SPORT2000 Aarhus,DK,DK-Hov,PartnerF,store
336,DK-0336,SPORT2000 Copenhagen,DK,DK-Hov,PartnerF,store
337,DK-0337,SPORT2000 Copenhagen,DK,DK-Hov,PartnerF,store
338,DK-0338,SPORT2000 Odense,DK,DK-Hov,PartnerF,store
339,DK-0339,SPORT2000 Odense,DK,DK-Hov,PartnerF,store
340,DK-0340,SPORT2000 Copenhagen,DK,DK-Hov,PartnerF,store
341,DK-0341,SPORT2000 Aarhus,DK,DK-Hov,PartnerF,store
342,DK-0342,SPORT2000 Odense,DK,DK-Hov,PartnerF,store
343,DK-0343,SPORT2000 Copenhagen,DK,DK-Hov,PartnerF,outlet
344,DK-0344,SPORT2000 Aarhus,DK,DK-Hov,PartnerF,store
345,DK-0345,SPORT2000 Copenhagen,DK,DK-Hov,PartnerF,store
346,DK-0346,SPORT2000 Odense,DK,DK-Hov,PartnerF,store
347,DK-0347,SPORT2000 Aarhus,DK,DK-Hov,PartnerF,store
348,DK-0348,SPORT2000 Copenhagen,DK,DK-Hov,PartnerF,store
349,DK-0349,SPORT2000 Odense,DK,DK-Hov,PartnerF,online
350,DK-0350,SPORT2000 Odense,DK,DK-Hov,PartnerF,outlet
351,NO-0351,SPORT2000 Bergen,NO,NO-Ost,PartnerF,store
352,NO-0352,SPORT2000 Oslo,NO,NO-Ost,PartnerF,store
353,NO-0353,SPORT2000 Bergen,NO,NO-Ost,PartnerF,store
354,NO-0354,SPORT2000 Bergen,NO,NO-Ost,PartnerF,store
355,NO-0355,SPORT2000 Oslo,NO,NO-Ost,PartnerF,store
356,NO-0356,SPORT2000 Bergen,NO,NO-Ost,PartnerF,store
357,NO-0357,SPORT2000 Oslo,NO,NO-Ost,PartnerF,store
358,NO-0358,SPORT2000 Oslo,NO,NO-Ost,PartnerF,store
359,NO-0359,SPORT2000 Trondheim,NO,NO-Ost,PartnerF,store
360,NO-0360,SPORT2000 Oslo,NO,NO-Ost,PartnerF,outlet
361,NO-0361,SPORT2000 Bergen,NO,NO-Ost,PartnerF,store
362,NO-0362,SPORT2000 Oslo,NO,NO-Ost,PartnerF,store
363,NO-0363,SPORT2000 Bergen,NO,NO-Ost,PartnerF,store
364,NO-0364,SPORT2000 Trondheim,NO,NO-Ost,PartnerF,store
365,NO-0365,SPORT2000 Trondheim,NO,NO-Ost,PartnerF,store
366,NO-0366,SPORT2000 Bergen,NO,NO-Ost,PartnerF,store
367,NO-0367,SPORT2000 Trondheim,NO,NO-Ost,PartnerF,online
368,NO-0368,SPORT2000 Bergen,NO,NO-Ost,PartnerF,store
369,NO-0369,SPORT2000 Oslo,NO,NO-Ost,PartnerF,store
370,NO-0370,SPORT2000 Trondheim,NO,NO-Ost,PartnerF,store
371,NO-0371,SPORT2000 Oslo,NO,NO-Ost,PartnerF,store
372,NO-0372,SPORT2000 Bergen,NO,NO-Ost,PartnerF,store
373,NO-0373,SPORT2000 Oslo,NO,NO-Ost,PartnerF,store
374,NO-0374,SPORT2000 Trondheim,NO,NO-Ost,PartnerF,store
375,NO-0375,SPORT2000 Oslo,NO,NO-Ost,PartnerF,store
376,FI-0376,SPORT2000 Tampere,FI,FI-South,PartnerF,store
377,FI-0377,SPORT2000 Espoo,FI,FI-South,PartnerF,store
378,FI-0378,SPORT2000 Espoo,FI,FI-South,PartnerF,store
379,FI-0379,SPORT2000 Tampere,FI,FI-South,PartnerF,outlet
380,FI-0380,SPORT2000 Helsinki,FI,FI-South,PartnerF,store
381,FI-0381,SPORT2000 Espoo,FI,FI-South,PartnerF,outlet
382,FI-0382,SPORT2000 Tampere,FI,FI-South,PartnerF,store
383,FI-0383,SPORT2000 Helsinki,FI,FI-South,PartnerF,store
384,FI-0384,SPORT2000 Tampere,FI,FI-South,PartnerF,store
385,FI-0385,SPORT2000 Helsinki,FI,FI-South,PartnerF,online
386,FI-0386,SPORT2000 Helsinki,FI,FI-South,PartnerF,store
387,FI-0387,SPORT2000 Helsinki,FI,FI-South,PartnerF,outlet
388,FI-0388,SPORT2000 Tampere,FI,FI-South,PartnerF,store
389,FI-0389,SPORT2000 Tampere,FI,FI-South,PartnerF,online
390,FI-0390,SPORT2000 Espoo,FI,FI-South,PartnerF,store
391,FI-0391,SPORT2000 Tampere,FI,FI-South,PartnerF,store
392,FI-0392,SPORT2000 Espoo,FI,FI-South,PartnerF,online
393,FI-0393,SPORT2000 Tampere,FI,FI-South,PartnerF,store
394,FI-0394,SPORT2000 Espoo,FI,FI-South,PartnerF,store
395,FI-0395,SPORT2000 Helsinki,FI,FI-South,PartnerF,outlet
396,FI-0396,SPORT2000 Tampere,FI,FI-South,PartnerF,store
397,FI-0397,SPORT2000 Espoo,FI,FI-South,PartnerF,store
398,FI-0398,SPORT2000 Helsinki,FI,FI-South,PartnerF,online
399,FI-0399,SPORT2000 Tampere,FI,FI-South,PartnerF,store
400,FI-0400,SPORT2000 Helsinki,FI,FI-South,PartnerF,online
401,PT-0401,SPORT2000 Coimbra,PT,PT-Lisboa,PartnerD,outlet
402,PT-0402,SPORT2000 Coimbra,PT,PT-Lisboa,PartnerD,store
403,PT-0403,SPORT2000 Lisbon,PT,PT-Lisboa,PartnerD,store
404,PT-0404,SPORT2000 Coimbra,PT,PT-Lisboa,PartnerD,store
405,PT-0405,SPORT2000 Porto,PT,PT-Lisboa,PartnerD,store
406,PT-0406,SPORT2000 Coimbra,PT,PT-Lisboa,PartnerD,store
407,PT-0407,SPORT2000 Porto,PT,PT-Lisboa,PartnerD,online
408,PT-0408,SPORT2000 Porto,PT,PT-Lisboa,PartnerD,store
409,PT-0409,SPORT2000 Porto,PT,PT-Lisboa,PartnerD,store
410,PT-0410,SPORT2000 Lisbon,PT,PT-Lisboa,PartnerD,outlet
411,PT-0411,SPORT2000 Porto,PT,PT-Lisboa,PartnerD,store
412,PT-0412,SPORT2000 Porto,PT,PT-Lisboa,PartnerD,store
413,PT-0413,SPORT2000 Porto,PT,PT-Lisboa,PartnerD,outlet
414,PT-0414,SPORT2000 Coimbra,PT,PT-Lisboa,PartnerD,store
415,PT-0415,SPORT2000 Lisbon,PT,PT-Lisboa,PartnerD,store
416,PT-0416,SPORT2000 Porto,PT,PT-Lisboa,PartnerD,store
417,PT-0417,SPORT2000 Porto,PT,PT-Lisboa,PartnerD,outlet
418,PT-0418,SPORT2000 Lisbon,PT,PT-Lisboa,PartnerD,store
419,PT-0419,SPORT2000 Coimbra,PT,PT-Lisboa,PartnerD,store
420,PT-0420,SPORT2000 Lisbon,PT,PT-Lisboa,PartnerD,store
421,PT-0421,SPORT2000 Porto,PT,PT-Lisboa,PartnerD,store
422,PT-0422,SPORT2000 Porto,PT,PT-Lisboa,PartnerD,store
423,PT-0423,SPORT2000 Lisbon,PT,PT-Lisboa,PartnerD,store
424,PT-0424,SPORT2000 Coimbra,PT,PT-Lisboa,PartnerD,store
425,PT-0425,SPORT2000 Porto,PT,PT-Lisboa,PartnerD,store
426,IE-0426,SPORT2000 Galway,IE,IE-Dublin,PartnerB,store
427,IE-0427,SPORT2000 Dublin,IE,IE-Dublin,PartnerB,online
428,IE-0428,SPORT2000 Galway,IE,IE-Dublin,PartnerB,outlet
429,IE-0429,SPORT2000 Galway,IE,IE-Dublin,PartnerB,store
430,IE-0430,SPORT2000 Galway,IE,IE-Dublin,PartnerB,store
431,IE-0431,SPORT2000 Cork,IE,IE-Dublin,PartnerB,store
432,IE-0432,SPORT2000 Dublin,IE,IE-Dublin,PartnerB,store
433,IE-0433,SPORT2000 Dublin,IE,IE-Dublin,PartnerB,store
434,IE-0434,SPORT2000 Dublin,IE,IE-Dublin,PartnerB,store
435,IE-0435,SPORT2000 Galway,IE,IE-Dublin,PartnerB,store
436,IE-0436,SPORT2000 Galway,IE,IE-Dublin,PartnerB,store
437,IE-0437,SPORT2000 Cork,IE,IE-Dublin,PartnerB,online
438,IE-0438,SPORT2000 Dublin,IE,IE-Dublin,PartnerB,store
439,IE-0439,SPORT2000 Dublin,IE,IE-Dublin,PartnerB,store
440,IE-0440,SPORT2000 Galway,IE,IE-Dublin,PartnerB,store
441,IE-0441,SPORT2000 Dublin,IE,IE-Dublin,PartnerB,outlet
442,IE-0442,SPORT2000 Cork,IE,IE-Dublin,PartnerB,store
443,IE-0443,SPORT2000 Cork,IE,IE-Dublin,PartnerB,store
444,IE-0444,SPORT2000 Galway,IE,IE-Dublin,PartnerB,store
445,IE-0445,SPORT2000 Dublin,IE,IE-Dublin,PartnerB,store
446,IE-0446,SPORT2000 Cork,IE,IE-Dublin,PartnerB,outlet
447,IE-0447,SPORT2000 Galway,IE,IE-Dublin,PartnerB,online
448,IE-0448,SPORT2000 Cork,IE,IE-Dublin,PartnerB,outlet
449,IE-0449,SPORT2000 Cork,IE,IE-Dublin,PartnerB,store
450,IE-0450,SPORT2000 Cork,IE,IE-Dublin,PartnerB,store
451,GR-0451,SPORT2000 Thessaloniki,GR,GR-Attica,PartnerC,store
452,GR-0452,SPORT2000 Thessaloniki,GR,GR-Attica,PartnerC,outlet
453,GR-0453,SPORT2000 Athens,GR,GR-Attica,PartnerC,store
454,GR-0454,SPORT2000 Athens,GR,GR-Attica,PartnerC,outlet
455,GR-0455,SPORT2000 Thessaloniki,GR,GR-Attica,PartnerC,store
456,GR-0456,SPORT2000 Thessaloniki,GR,GR-Attica,PartnerC,store
457,GR-0457,SPORT2000 Thessaloniki,GR,GR-Attica,PartnerC,store
458,GR-0458,SPORT2000 Athens,GR,GR-Attica,PartnerC,store
459,GR-0459,SPORT2000 Athens,GR,GR-Attica,PartnerC,store
460,GR-0460,SPORT2000 Thessaloniki,GR,GR-Attica,PartnerC,outlet
461,GR-0461,SPORT2000 Thessaloniki,GR,GR-Attica,PartnerC,store
462,GR-0462,SPORT2000 Thessaloniki,GR,GR-Attica,PartnerC,store
463,GR-0463,SPORT2000 Athens,GR,GR-Attica,PartnerC,store
464,GR-0464,SPORT2000 Athens,GR,GR-Attica,PartnerC,store
465,GR-0465,SPORT2000 Thessaloniki,GR,GR-Attica,PartnerC,store
466,GR-0466,SPORT2000 Thessaloniki,GR,GR-Attica,PartnerC,store
467,GR-0467,SPORT2000 Thessaloniki,GR,GR-Attica,PartnerC,outlet
468,GR-0468,SPORT2000 Thessaloniki,GR,GR-Attica,PartnerC,online
469,GR-0469,SPORT2000 Thessaloniki,GR,GR-Attica,PartnerC,outlet
470,GR-0470,SPORT2000 Athens,GR,GR-Attica,PartnerC,store
471,GR-0471,SPORT2000 Athens,GR,GR-Attica,PartnerC,store
472,GR-0472,SPORT2000 Thessaloniki,GR,GR-Attica,PartnerC,online
473,GR-0473,SPORT2000 Athens,GR,GR-Attica,PartnerC,store
474,GR-0474,SPORT2000 Athens,GR,GR-Attica,PartnerC,store
475,GR-0475,SPORT2000 Athens,GR,GR-Attica,PartnerC,store
476,RO-0476,SPORT2000 Timisoara,RO,RO-Bucuresti,PartnerE,store
477,RO-0477,SPORT2000 Bucharest,RO,RO-Bucuresti,PartnerE,store
478,RO-0478,SPORT2000 Bucharest,RO,RO-Bucuresti,PartnerE,store
479,RO-0479,SPORT2000 Cluj,RO,RO-Bucuresti,PartnerE,store
480,RO-0480,SPORT2000 Bucharest,RO,RO-Bucuresti,PartnerE,store
481,RO-0481,SPORT2000 Timisoara,RO,RO-Bucuresti,PartnerE,store
482,RO-0482,SPORT2000 Bucharest,RO,RO-Bucuresti,PartnerE,store
483,RO-0483,SPORT2000 Bucharest,RO,RO-Bucuresti,PartnerE,store
484,RO-0484,SPORT2000 Cluj,RO,RO-Bucuresti,PartnerE,store
485,RO-0485,SPORT2000 Bucharest,RO,RO-Bucuresti,PartnerE,store
486,RO-0486,SPORT2000 Timisoara,RO,RO-Bucuresti,PartnerE,store
487,RO-0487,SPORT2000 Cluj,RO,RO-Bucuresti,PartnerE,store
488,RO-0488,SPORT2000 Cluj,RO,RO-Bucuresti,PartnerE,store
489,RO-0489,SPORT2000 Bucharest,RO,RO-Bucuresti,PartnerE,outlet
490,RO-0490,SPORT2000 Cluj,RO,RO-Bucuresti,PartnerE,online
491,RO-0491,SPORT2000 Timisoara,RO,RO-Bucuresti,PartnerE,store
492,RO-0492,SPORT2000 Bucharest,RO,RO-Bucuresti,PartnerE,store
493,RO-0493,SPORT2000 Cluj,RO,RO-Bucuresti,PartnerE,online
494,RO-0494,SPORT2000 Cluj,RO,RO-Bucuresti,PartnerE,store
495,RO-0495,SPORT2000 Cluj,RO,RO-Bucuresti,PartnerE,store
496,RO-0496,SPORT2000 Cluj,RO,RO-Bucuresti,PartnerE,outlet
497,RO-0497,SPORT2000 Bucharest,RO,RO-Bucuresti,PartnerE,online
498,RO-0498,SPORT2000 Cluj,RO,RO-Bucuresti,PartnerE,store
499,RO-0499,SPORT2000 Cluj,RO,RO-Bucuresti,PartnerE,store
500,RO-0500,SPORT2000 Timisoara,RO,RO-Bucuresti,PartnerE,store
501,BG-0501,SPORT2000 Plovdiv,BG,BG-Sofia,PartnerE,store
502,BG-0502,SPORT2000 Plovdiv,BG,BG-Sofia,PartnerE,store
503,BG-0503,SPORT2000 Sofia,BG,BG-Sofia,PartnerE,online
504,BG-0504,SPORT2000 Plovdiv,BG,BG-Sofia,PartnerE,outlet
505,BG-0505,SPORT2000 Plovdiv,BG,BG-Sofia,PartnerE,store
506,BG-0506,SPORT2000 Sofia,BG,BG-Sofia,PartnerE,store
507,BG-0507,SPORT2000 Plovdiv,BG,BG-Sofia,PartnerE,store
508,BG-0508,SPORT2000 Sofia,BG,BG-Sofia,PartnerE,store
509,BG-0509,SPORT2000 Sofia,BG,BG-Sofia,PartnerE,store
510,BG-0510,SPORT2000 Sofia,BG,BG-Sofia,PartnerE,store
511,BG-0511,SPORT2000 Plovdiv,BG,BG-Sofia,PartnerE,store
512,BG-0512,SPORT2000 Plovdiv,BG,BG-Sofia,PartnerE,store
513,BG-0513,SPORT2000 Sofia,BG,BG-Sofia,PartnerE,online
514,BG-0514,SPORT2000 Plovdiv,BG,BG-Sofia,PartnerE,store
515,BG-0515,SPORT2000 Sofia,BG,BG-Sofia,PartnerE,store
516,BG-0516,SPORT2000 Plovdiv,BG,BG-Sofia,PartnerE,store
517,BG-0517,SPORT2000 Plovdiv,BG,BG-Sofia,PartnerE,outlet
518,BG-0518,SPORT2000 Plovdiv,BG,BG-Sofia,PartnerE,online
519,BG-0519,SPORT2000 Plovdiv,BG,BG-Sofia,PartnerE,online
520,BG-0520,SPORT2000 Plovdiv,BG,BG-Sofia,PartnerE,store
521,BG-0521,SPORT2000 Plovdiv,BG,BG-Sofia,PartnerE,outlet
522,BG-0522,SPORT2000 Plovdiv,BG,BG-Sofia,PartnerE,online
523,BG-0523,SPORT2000 Sofia,BG,BG-Sofia,PartnerE,store
524,BG-0524,SPORT2000 Sofia,BG,BG-Sofia,PartnerE,outlet
525,BG-0525,SPORT2000 Plovdiv,BG,BG-Sofia,PartnerE,online
526,HR-0526,SPORT2000 Split,HR,HR-Zagreb,PartnerC,store
527,HR-0527,SPORT2000 Split,HR,HR-Zagreb,PartnerC,store
528,HR-0528,SPORT2000 Zagreb,HR,HR-Zagreb,PartnerC,store
529,HR-0529,SPORT2000 Split,HR,HR-Zagreb,PartnerC,store
530,HR-0530,SPORT2000 Split,HR,HR-Zagreb,PartnerC,store
531,HR-0531,SPORT2000 Zagreb,HR,HR-Zagreb,PartnerC,store
532,HR-0532,SPORT2000 Split,HR,HR-Zagreb,PartnerC,online
533,HR-0533,SPORT2000 Zagreb,HR,HR-Zagreb,PartnerC,store
534,HR-0534,SPORT2000 Split,HR,HR-Zagreb,PartnerC,online
535,HR-0535,SPORT2000 Split,HR,HR-Zagreb,PartnerC,store
536,HR-0536,SPORT2000 Zagreb,HR,HR-Zagreb,PartnerC,store
537,HR-0537,SPORT2000 Zagreb,HR,HR-Zagreb,PartnerC,store
538,HR-0538,SPORT2000 Split,HR,HR-Zagreb,PartnerC,store
539,HR-0539,SPORT2000 Zagreb,HR,HR-Zagreb,PartnerC,outlet
540,HR-0540,SPORT2000 Zagreb,HR,HR-Zagreb,PartnerC,store
541,HR-0541,SPORT2000 Split,HR,HR-Zagreb,PartnerC,store
542,HR-0542,SPORT2000 Split,HR,HR-Zagreb,PartnerC,store
543,HR-0543,SPORT2000 Zagreb,HR,HR-Zagreb,PartnerC,outlet
544,HR-0544,SPORT2000 Zagreb,HR,HR-Zagreb,PartnerC,outlet
545,HR-0545,SPORT2000 Split,HR,HR-Zagreb,PartnerC,online
546,HR-0546,SPORT2000 Split,HR,HR-Zagreb,PartnerC,store
547,HR-0547,SPORT2000 Split,HR,HR-Zagreb,PartnerC,store
548,HR-0548,SPORT2000 Split,HR,HR-Zagreb,PartnerC,online
549,HR-0549,SPORT2000 Split,HR,HR-Zagreb,PartnerC,store
550,HR-0550,SPORT2000 Split,HR,HR-Zagreb,PartnerC,store
551,SI-0551,SPORT2000 Maribor,SI,SI-Osrednja,PartnerC,store
552,SI-0552,SPORT2000 Maribor,SI,SI-Osrednja,PartnerC,store
553,SI-0553,SPORT2000 Ljubljana,SI,SI-Osrednja,PartnerC,online
554,SI-0554,SPORT2000 Maribor,SI,SI-Osrednja,PartnerC,store
555,SI-0555,SPORT2000 Ljubljana,SI,SI-Osrednja,PartnerC,store
556,SI-0556,SPORT2000 Ljubljana,SI,SI-Osrednja,PartnerC,store
557,SI-0557,SPORT2000 Maribor,SI,SI-Osrednja,PartnerC,store
558,SI-0558,SPORT2000 Ljubljana,SI,SI-Osrednja,PartnerC,outlet
559,SI-0559,SPORT2000 Ljubljana,SI,SI-Osrednja,PartnerC,store
560,SI-0560,SPORT2000 Ljubljana,SI,SI-Osrednja,PartnerC,store
561,SI-0561,SPORT2000 Ljubljana,SI,SI-Osrednja,PartnerC,store
562,SI-0562,SPORT2000 Ljubljana,SI,SI-Osrednja,PartnerC,outlet
563,SI-0563,SPORT2000 Ljubljana,SI,SI-Osrednja,PartnerC,store
564,SI-0564,SPORT2000 Ljubljana,SI,SI-Osrednja,PartnerC,online
565,SI-0565,SPORT2000 Maribor,SI,SI-Osrednja,PartnerC,outlet
566,SI-0566,SPORT2000 Ljubljana,SI,SI-Osrednja,PartnerC,store
567,SI-0567,SPORT2000 Ljubljana,SI,SI-Osrednja,PartnerC,store
568,SI-0568,SPORT2000 Maribor,SI,SI-Osrednja,PartnerC,outlet
569,SI-0569,SPORT2000 Ljubljana,SI,SI-Osrednja,PartnerC,store
570,SI-0570,SPORT2000 Ljubljana,SI,SI-Osrednja,PartnerC,store
571,SI-0571,SPORT2000 Ljubljana,SI,SI-Osrednja,PartnerC,store
572,SI-0572,SPORT2000 Maribor,SI,SI-Osrednja,PartnerC,store
573,SI-0573,SPORT2000 Ljubljana,SI,SI-Osrednja,PartnerC,store
574,SI-0574,SPORT2000 Maribor,SI,SI-Osrednja,PartnerC,store
575,SI-0575,SPORT2000 Ljubljana,SI,SI-Osrednja,PartnerC,store
